{
  "test_acc": 0.8774193548387097,
  "test_auc": 0.9144395692062226,
  "n_train": 620,
  "n_test": 155
}